order_id,city_code,first_courier_message,first_customer_message,num_messages_courier,num_messages_customer,first_message_by,conversation_started_at,first_responsetime_delay_seconds,last_message_time,last_message_order_stage
59104310,PNA,1618365667,1618361107,1,2,customer,1618361107,4560,1618365667,DELIVERING
51209315,TFS,,1560791129,0,1,customer,1560791129,,1560791129,PICKING_UP
56024765,MAD,,1546486390,0,1,customer,1546486390,,1546486390,DELIVERED
52518610,VGO,1554731159,1554727799,3,5,customer,1554727799,3360,1554740699,DELIVERED
57372796,LEI,1568341638,1568345238,5,6,courier,1568341638,3600,1568368038,DELIVERED
54885901,IBZ,1594951846,1594951606,7,4,customer,1594951606,240,1594975666,DELIVERED
56541117,LCG,,1625233589,0,2,customer,1625233589,,1625236289,DELIVERED
53067046,PNA,1611480623,1611479243,3,1,customer,1611479243,1380,1611484583,DELIVERED
56074227,GRO,,1587835604,0,2,customer,1587835604,,1587837584,PICKING_UP
55978266,LCG,,1556089031,0,1,customer,1556089031,,1556089031,DELIVERED
55534193,SCQ,1564651294,,1,0,courier,1564651294,,1564651294,PICKING_UP
54683388,SDR,1596631888,1596632068,2,1,courier,1596631888,180,1596635128,DELIVERED
56774248,PNA,1599702049,,1,0,courier,1599702049,,1599702049,PICKING_UP
58220765,BCN,,1627854850,0,2,customer,1627854850,,1627856770,DELIVERING
58126457,IBZ,1628150587,1628153167,2,5,courier,1628150587,2580,1628161867,DELIVERED
53883540,SDR,1578946213,,2,0,courier,1578946213,,1578949393,DELIVERING
53494690,MJV,1549711367,1549709087,2,4,customer,1549709087,2280,1549720127,DELIVERED
50948658,TFS,,1639417674,0,1,customer,1639417674,,1639417674,DELIVERED
54666799,SLM,1576344583,,1,0,courier,1576344583,,1576344583,PICKING_UP
54465118,MAH,1599825933,1599823773,2,3,customer,1599823773,2160,1599828933,DELIVERED
57692451,YJD,1587911074,1587912574,8,6,courier,1587911074,1500,1587932014,DELIVERED
56687751,VGO,1628753767,,1,0,courier,1628753767,,1628753767,PICKING_UP
59362819,GRO,1551939768,1551939168,1,2,customer,1551939168,600,1551942288,PICKING_UP
59982772,MAH,1597352529,1597350069,1,2,customer,1597350069,2460,1597352529,DELIVERED
51368493,VLL,1590826856,1590825296,4,2,customer,1590825296,1560,1590829076,PICKING_UP
59858130,SDR,1587513272,1587512132,4,4,customer,1587512132,1140,1587520292,DELIVERED
55938858,VLC,,1603337303,0,2,customer,1603337303,,1603339283,PICKING_UP
57180369,IBZ,1559818197,1559822757,4,3,courier,1559818197,4560,1559831757,DELIVERED
50405974,VLL,1582483479,1582483539,8,5,courier,1582483479,60,1582506699,DELIVERED
54548558,SCQ,1632469784,1632471644,3,2,courier,1632469784,1860,1632479024,DELIVERED
57807198,TFN,1573412824,1573415884,2,5,courier,1573412824,3060,1573421104,DELIVERED
52440214,VLC,1637322103,,1,0,courier,1637322103,,1637322103,DELIVERED
57209428,SCQ,,1602649819,0,1,customer,1602649819,,1602649819,DELIVERED
56355427,SCQ,1607229117,1607230197,1,1,courier,1607229117,1080,1607230197,DELIVERING
50604342,SCQ,1580384755,1580382955,1,1,customer,1580382955,1800,1580384755,DELIVERED
52429787,MAH,1602109819,,1,0,courier,1602109819,,1602109819,PICKING_UP
57727283,LCG,1600208997,,1,0,courier,1600208997,,1600208997,DELIVERING
58987981,XRY,1563831622,1563820882,3,6,customer,1563820882,10740,1563836602,DELIVERED
58501911,GRO,,1596121452,0,1,customer,1596121452,,1596121452,DELIVERED
58854742,VLC,1593715517,1593710837,4,10,customer,1593710837,4680,1593735737,DELIVERED
58797248,LEI,1576603777,1576606837,7,2,courier,1576603777,3060,1576617337,DELIVERED
56076935,VLC,,1613921537,0,3,customer,1613921537,,1613926877,DELIVERED
53261480,LCG,1585705998,1585708338,4,5,courier,1585705998,2340,1585720878,DELIVERED
58201021,VLC,1583141483,1583143583,3,2,courier,1583141483,2100,1583145383,DELIVERED
55037104,LEI,1591878437,,4,0,courier,1591878437,,1591881797,DELIVERED
58529082,REU,,1618177694,0,1,customer,1618177694,,1618177694,DELIVERED
56338534,MAD,1640422398,1640423658,2,4,courier,1640422398,1260,1640432598,DELIVERED
52697315,VIT,1574521684,1574516404,4,6,customer,1574516404,5280,1574540224,DELIVERED
51369120,MJV,1572481174,1572479674,3,4,customer,1572479674,1500,1572488434,DELIVERED
53795625,LCG,1553833933,1553828953,9,8,customer,1553828953,4980,1553857153,DELIVERED
50252282,GRO,1594485203,,1,0,courier,1594485203,,1594485203,PICKING_UP
50147715,VIT,1586178882,1586178282,3,1,customer,1586178282,600,1586182482,DELIVERED
52138795,ZAZ,1554805297,1554807877,3,1,courier,1554805297,2580,1554809437,DELIVERED
56186888,SLM,1629427580,1629427220,2,4,customer,1629427220,360,1629436220,DELIVERED
55790390,VLL,,1623977093,0,1,customer,1623977093,,1623977093,DELIVERING
53193078,TFS,1639200090,,1,0,courier,1639200090,,1639200090,DELIVERED
59270779,LPA,1578959385,1578961485,1,2,courier,1578959385,2100,1578963345,DELIVERING
54398383,SLM,1622728096,,2,0,courier,1622728096,,1622729956,DELIVERING
51793193,MAH,,1602866966,0,1,customer,1602866966,,1602866966,PICKING_UP
55183296,GRX,1596187795,1596188635,6,5,courier,1596187795,840,1596205075,DELIVERED
51734010,LEI,1640901933,1640902173,3,4,courier,1640901933,240,1640908893,DELIVERED
58535004,VIT,1598754573,1598756853,7,1,courier,1598754573,2280,1598766393,DELIVERED
55407468,VLL,1596287175,1596288135,2,1,courier,1596287175,960,1596288915,DELIVERED
58529065,PNA,1584317628,1584313248,2,5,customer,1584313248,4380,1584322848,DELIVERING
58540607,ALC,1566583969,1566579889,2,2,customer,1566579889,4080,1566586369,DELIVERED
55277923,XRY,1563134262,1563134022,3,2,customer,1563134022,240,1563139842,DELIVERED
53325478,SLM,1572531545,,3,0,courier,1572531545,,1572535025,DELIVERED
50210652,GRO,1557519046,1557521446,4,2,courier,1557519046,2400,1557530926,DELIVERED
58139895,YJD,1595234573,1595238173,3,2,courier,1595234573,3600,1595239373,DELIVERED
54662393,ZAZ,1585452338,,1,0,courier,1585452338,,1585452338,DELIVERING
51470887,OVD,1630267537,1630274617,9,3,courier,1630267537,7080,1630289797,DELIVERED
58174686,GRO,1546908882,1546911642,2,1,courier,1546908882,2760,1546911642,PICKING_UP
54825523,VLC,1580024127,1580022987,5,7,customer,1580022987,1140,1580043447,DELIVERED
52192741,LPA,,1633542626,0,1,customer,1633542626,,1633542626,PICKING_UP
53959106,TFS,,1567085897,0,1,customer,1567085897,,1567085897,PICKING_UP
53885544,MAD,1630950499,,2,0,courier,1630950499,,1630953979,DELIVERED
53021045,BCN,1601577964,,2,0,courier,1601577964,,1601578504,DELIVERED
50170493,TFN,,1627947931,0,2,customer,1627947931,,1627950391,DELIVERED
52090904,SLM,1565974575,1565969775,3,5,customer,1565969775,4800,1565980155,DELIVERED
52826247,LCG,1608072564,1608067644,4,6,customer,1608067644,4920,1608086244,DELIVERED
51749035,BCN,1597483616,,1,0,courier,1597483616,,1597483616,DELIVERING
56745573,PNA,1572512410,,1,0,courier,1572512410,,1572512410,DELIVERING
57344173,IBZ,1634358009,,9,0,courier,1634358009,,1634372769,DELIVERED
56680085,GRX,1621072579,1621078219,5,3,courier,1621072579,5640,1621085359,DELIVERED
57440892,AGP,1550791098,,1,0,courier,1550791098,,1550791098,PICKING_UP
57921850,ALC,1593867759,1593866619,1,1,customer,1593866619,1140,1593867759,DELIVERED
59921459,YJD,1605517292,,1,0,courier,1605517292,,1605517292,PICKING_UP
50088579,PMI,1599733542,1599730542,3,2,customer,1599730542,3000,1599737922,PICKING_UP
50084132,OVD,1584193498,1584192118,1,1,customer,1584192118,1380,1584193498,PICKING_UP
57423249,MJV,1589242379,1589236859,3,3,customer,1589236859,5520,1589243339,DELIVERED
54361142,REU,1553442052,,1,0,courier,1553442052,,1553442052,PICKING_UP
50800125,BIO,1563561565,,3,0,courier,1563561565,,1563561805,DELIVERED
52666002,XRY,,1599295721,0,1,customer,1599295721,,1599295721,DELIVERED
55162421,PNA,,1595651632,0,3,customer,1595651632,,1595656252,PICKING_UP
53241623,GRO,1561146389,1561149929,4,3,courier,1561146389,3540,1561155209,DELIVERED
55193398,ZAZ,,1565196924,0,1,customer,1565196924,,1565196924,DELIVERED
54633195,REU,1595317942,1595320222,5,2,courier,1595317942,2280,1595326222,DELIVERED
51292565,SCQ,1595689173,1595696613,7,2,courier,1595689173,7440,1595704233,DELIVERED
51253297,SLM,1610107728,1610110368,2,1,courier,1610107728,2640,1610110368,DELIVERING
50074471,MAD,,1559393646,0,1,customer,1559393646,,1559393646,DELIVERING
52325199,GRO,1628520888,1628519448,2,2,customer,1628519448,1440,1628526168,DELIVERED
55104210,MJV,1625082769,1625074369,7,6,customer,1625074369,8400,1625100109,DELIVERED
56171335,GRX,1622728258,1622727718,6,9,customer,1622727718,540,1622754898,DELIVERED
56426410,LCG,,1597126503,0,2,customer,1597126503,,1597128063,DELIVERED
57390643,ZAZ,1622411935,1622409595,4,2,customer,1622409595,2340,1622416615,DELIVERING
53929258,VLC,1569563580,1569562200,2,1,customer,1569562200,1380,1569565320,DELIVERED
53869716,MJV,1573584818,,1,0,courier,1573584818,,1573584818,DELIVERED
56898339,SLM,1549585776,1549589376,8,3,courier,1549585776,3600,1549606236,DELIVERED
54033702,YJD,1640763994,1640761294,1,2,customer,1640761294,2700,1640763994,DELIVERED
58275861,LPA,,1547866215,0,1,customer,1547866215,,1547866215,DELIVERING
57086888,QGJ,1636492073,1636495493,3,1,courier,1636492073,3420,1636496873,DELIVERED
57266901,VLL,,1602260066,0,1,customer,1602260066,,1602260066,PICKING_UP
56881311,SLM,1609189189,1609190449,7,2,courier,1609189189,1260,1609203049,DELIVERED
53201720,QGJ,1548005014,,1,0,courier,1548005014,,1548005014,DELIVERING
55048879,OVD,1571399465,1571402165,6,1,courier,1571399465,2700,1571411645,DELIVERED
58187323,GRO,1623534578,1623531398,1,7,customer,1623531398,3180,1623539558,DELIVERED
57462179,YJD,1559492785,1559492005,4,6,customer,1559492005,780,1559503405,DELIVERED
56240669,LCG,1579188970,1579186570,3,3,customer,1579186570,2400,1579198330,DELIVERING
53655678,VLL,1596727064,1596726644,1,1,customer,1596726644,420,1596727064,DELIVERING
56899680,SDR,1567905433,1567909393,3,1,courier,1567905433,3960,1567909393,DELIVERED
58399955,GRO,1595434633,1595437093,2,1,courier,1595434633,2460,1595437093,DELIVERING
59012871,MJV,1638398830,1638402250,13,9,courier,1638398830,3420,1638435430,DELIVERED
54015591,ALC,1605619100,1605611720,1,8,customer,1605611720,7380,1605626120,DELIVERED
53881466,AGP,1595852871,,2,0,courier,1595852871,,1595855271,DELIVERED
55689982,YJD,1549847754,,1,0,courier,1549847754,,1549847754,PICKING_UP
56542235,SCQ,1580314091,1580312651,1,4,customer,1580312651,1440,1580317091,DELIVERED
59771803,XRY,1604680886,1604676626,2,8,customer,1604676626,4260,1604688146,DELIVERED
51053627,VIT,1630379338,1630385758,3,3,courier,1630379338,6420,1630389778,DELIVERING
57591834,TFS,,1585219847,0,1,customer,1585219847,,1585219847,DELIVERED
53044358,IBZ,1557139583,1557139643,5,2,courier,1557139583,60,1557146663,DELIVERED
53112847,GRX,1558772859,,1,0,courier,1558772859,,1558772859,DELIVERING
51712928,MJV,1633757858,1633763198,5,7,courier,1633757858,5340,1633779818,DELIVERED
55784395,ALC,1580607173,1580610773,2,1,courier,1580607173,3600,1580614073,DELIVERED
56699588,LCG,1587722950,1587726910,7,5,courier,1587722950,3960,1587739330,DELIVERED
57972922,VLC,1566141156,1566150756,6,5,courier,1566141156,9600,1566165336,DELIVERING
54881279,XRY,1569535445,1569536405,2,1,courier,1569535445,960,1569536405,DELIVERED
58730669,PNA,1559000105,1558999205,4,9,customer,1558999205,900,1559023025,DELIVERED
52105522,YJD,1619703209,1619699609,1,2,customer,1619699609,3600,1619703209,PICKING_UP
50056962,IBZ,,1622926628,0,1,customer,1622926628,,1622926628,DELIVERED
50202976,GRX,1588619572,1588614412,10,13,customer,1588614412,5160,1588658812,DELIVERED
55008340,VLC,1614173434,,2,0,courier,1614173434,,1614176974,DELIVERED
52493893,REU,,1608930820,0,1,customer,1608930820,,1608930820,DELIVERING
59333671,XRY,1576937571,1576940331,2,3,courier,1576937571,2760,1576945131,DELIVERED
52942701,GRO,1591791954,1591794414,2,3,courier,1591791954,2460,1591799214,DELIVERING
58792094,TFS,,1622975554,0,2,customer,1622975554,,1622976034,DELIVERED
52764112,GRX,1571579973,1571582013,1,3,courier,1571579973,2040,1571587773,DELIVERING
59246672,ALC,1590677654,1590684734,3,1,courier,1590677654,7080,1590684734,DELIVERED
51273469,ALC,,1576668475,0,1,customer,1576668475,,1576668475,PICKING_UP
53493075,VIT,1638980229,1638974709,4,4,customer,1638974709,5520,1638985629,DELIVERED
53234573,LCG,,1602878528,0,1,customer,1602878528,,1602878528,PICKING_UP
56893673,BCN,1605004940,1605003560,5,4,customer,1605003560,1380,1605017420,DELIVERED
56303003,QGJ,1587335961,1587329901,4,6,customer,1587329901,6060,1587343821,DELIVERED
55937062,GRX,,1638676704,0,1,customer,1638676704,,1638676704,DELIVERED
50896153,MAH,1611076300,1611075160,1,2,customer,1611075160,1140,1611078940,DELIVERED
59883637,REU,1600869831,1600871811,2,3,courier,1600869831,1980,1600877511,DELIVERED
54168273,YJD,1571660630,1571643590,5,12,customer,1571643590,17040,1571678690,DELIVERED
51522089,GRO,1581852957,1581854697,2,2,courier,1581852957,1740,1581856977,DELIVERED
50829765,VIT,1575922594,,1,0,courier,1575922594,,1575922594,DELIVERING
59702350,TFN,1614321613,1614313453,1,3,customer,1614313453,8160,1614321613,DELIVERED
56268664,VLC,1584012826,1584016366,2,1,courier,1584012826,3540,1584016366,DELIVERING
52212973,VLC,1581767659,1581769999,1,1,courier,1581767659,2340,1581769999,PICKING_UP
53242270,MJV,1567124177,1567126277,2,1,courier,1567124177,2100,1567128857,DELIVERED
52690583,ODB,,1622112592,0,1,customer,1622112592,,1622112592,DELIVERING
52474509,PMI,,1578269145,0,2,customer,1578269145,,1578271365,DELIVERED
51109558,MAD,1554601826,1554601406,1,1,customer,1554601406,420,1554601826,DELIVERING
53574476,SCQ,1623439097,1623437417,5,5,customer,1623437417,1680,1623452777,DELIVERED
59981870,SDR,1562335392,1562332092,4,2,customer,1562332092,3300,1562342232,DELIVERED
50660726,VGO,1571771389,1571772889,2,1,courier,1571771389,1500,1571775169,DELIVERED
57281811,AGP,1631531829,1631529549,5,7,customer,1631529549,2280,1631548569,DELIVERED
51548347,GRO,1592176997,1592178557,2,3,courier,1592176997,1560,1592182817,DELIVERED
59893674,LPA,1589756081,1589758301,3,1,courier,1589756081,2220,1589760221,DELIVERED
59062319,OVD,1549254646,1549251706,2,1,customer,1549251706,2940,1549255966,DELIVERING
56671748,SDR,1625816991,,3,0,courier,1625816991,,1625820891,DELIVERED
51567603,VIT,1549300551,1549298031,3,1,customer,1549298031,2520,1549303671,DELIVERED
54992022,SLM,1573367977,,1,0,courier,1573367977,,1573367977,DELIVERING
55351472,ZAZ,1611071997,1611074397,2,2,courier,1611071997,2400,1611076077,DELIVERED
55311438,VIT,1592643411,,1,0,courier,1592643411,,1592643411,DELIVERED
54074010,IBZ,,1580947858,0,1,customer,1580947858,,1580947858,PICKING_UP
57724927,VIT,1617274781,,2,0,courier,1617274781,,1617278021,DELIVERED
53587558,QGJ,1553737919,1553735939,6,8,customer,1553735939,1980,1553752379,DELIVERED
52816229,VLL,1618575943,1618569163,4,4,customer,1618569163,6780,1618584463,DELIVERED
52508972,XRY,1599718921,1599724441,8,6,courier,1599718921,5520,1599745021,DELIVERED
56043697,REU,1625804540,1625801300,8,5,customer,1625801300,3240,1625821580,DELIVERED
57886712,GRO,1640078687,1640077787,3,1,customer,1640077787,900,1640081807,DELIVERED
50138484,VGO,1572252728,,1,0,courier,1572252728,,1572252728,PICKING_UP
56557517,PMI,1638559517,1638562277,2,1,courier,1638559517,2760,1638562277,DELIVERED
58732393,QGJ,1572703469,1572707609,2,1,courier,1572703469,4140,1572707609,DELIVERED
52071031,XRY,1564000008,1563997608,2,5,customer,1563997608,2400,1564006428,DELIVERED
52128752,ODB,1593093950,,2,0,courier,1593093950,,1593096230,DELIVERED
58019768,PMI,1602552186,1602550806,1,2,customer,1602550806,1380,1602553566,DELIVERED
53282450,VLL,1619796027,,1,0,courier,1619796027,,1619796027,DELIVERING
57356389,AGP,1612407829,1612410349,1,2,courier,1612407829,2520,1612413949,DELIVERING
50855841,LPA,1574034212,1574036672,6,2,courier,1574034212,2460,1574048612,DELIVERED
50952216,LCG,1587545182,1587535942,5,8,customer,1587535942,9240,1587564082,DELIVERED
53744850,YJD,1546895397,1546886517,8,10,customer,1546886517,8880,1546918917,DELIVERED
54450111,REU,1547984657,1547981837,3,5,customer,1547981837,2820,1547993117,DELIVERED
55258531,PNA,1620416026,1620420286,3,1,courier,1620416026,4260,1620421186,DELIVERED
56081151,YJD,,1548769791,0,1,customer,1548769791,,1548769791,DELIVERING
52363294,VLL,1583420054,1583417774,11,9,customer,1583417774,2280,1583457854,DELIVERED
55339180,QGJ,1563370156,1563367336,5,3,customer,1563367336,2820,1563385216,DELIVERED
53862985,PMI,1590298971,1590299571,2,2,courier,1590298971,600,1590304611,DELIVERED
53998144,SLM,1558714421,1558711061,2,4,customer,1558711061,3360,1558714481,DELIVERING
53379497,SDR,1601321057,1601316737,5,5,customer,1601316737,4320,1601331077,DELIVERED
57009174,PNA,1608607014,1608605034,4,3,customer,1608605034,1980,1608613134,DELIVERED
58861724,AGP,1625941828,1625945488,3,7,courier,1625941828,3660,1625955688,DELIVERED
56967204,BCN,1604020948,1604014888,1,3,customer,1604014888,6060,1604024248,DELIVERED
53081662,OVD,1594756474,1594760014,5,8,courier,1594756474,3540,1594775314,DELIVERED
58327369,GRO,1593125541,1593122181,4,4,customer,1593122181,3360,1593135501,DELIVERED
59020811,GRX,,1546904253,0,1,customer,1546904253,,1546904253,DELIVERING
52386172,REU,1614714050,,2,0,courier,1614714050,,1614715190,DELIVERING
58850950,VLC,1604608885,1604610625,5,4,courier,1604608885,1740,1604619325,DELIVERED
51563450,IBZ,1581969136,1581969796,2,3,courier,1581969136,660,1581973216,DELIVERED
52390809,LCG,1594523355,,2,0,courier,1594523355,,1594524375,DELIVERED
50640505,OVD,1547109030,1547106090,3,2,customer,1547106090,2940,1547113230,DELIVERED
54831527,REU,1588584858,1588588338,5,3,courier,1588584858,3480,1588601838,DELIVERED
53372370,ZAZ,,1588052329,0,2,customer,1588052329,,1588054189,DELIVERING
57903124,GRX,1576071502,1576073242,1,2,courier,1576071502,1740,1576074382,DELIVERED
55507212,VLL,1567952507,1567951907,1,1,customer,1567951907,600,1567952507,DELIVERING
55727920,VIT,,1562743961,0,1,customer,1562743961,,1562743961,DELIVERED
52996207,SLM,1569302638,1569300118,1,2,customer,1569300118,2520,1569303778,DELIVERING
54185592,BCN,1621581081,1621577841,1,2,customer,1621577841,3240,1621581081,DELIVERING
53709475,VIT,1624379339,1624375799,9,6,customer,1624375799,3540,1624393499,DELIVERED
59042708,ZAZ,1561235336,1561242056,11,12,courier,1561235336,6720,1561277996,DELIVERED
59464231,VLL,1547222847,1547220447,1,1,customer,1547220447,2400,1547222847,DELIVERED
50360905,REU,1614219849,1614214209,5,7,customer,1614214209,5640,1614234609,DELIVERED
55580901,ODB,1608132049,1608131389,8,4,customer,1608131389,660,1608144169,DELIVERED
59882856,PMI,1580662797,1580666637,4,3,courier,1580662797,3840,1580668857,DELIVERED
51941642,GRX,1594111611,1594108851,2,3,customer,1594108851,2760,1594117671,DELIVERED
57117097,QGJ,,1601544673,0,3,customer,1601544673,,1601547553,DELIVERED
54467963,VLL,1620134448,1620137868,5,5,courier,1620134448,3420,1620153948,DELIVERED
51223628,IBZ,1637585381,1637586401,3,3,courier,1637585381,1020,1637594321,DELIVERED
57740759,GRO,1578275572,,1,0,courier,1578275572,,1578275572,DELIVERING
53706057,LEI,1613245927,1613248447,7,2,courier,1613245927,2520,1613257387,DELIVERED
55070144,ZAZ,1600161710,1600157270,1,2,customer,1600157270,4440,1600161710,DELIVERED
59458105,VLL,1587759579,1587759879,1,3,courier,1587759579,300,1587762159,PICKING_UP
52870997,MAH,,1570934699,0,1,customer,1570934699,,1570934699,PICKING_UP
52781109,VLL,1553196211,1553197771,3,4,courier,1553196211,1560,1553204371,DELIVERED
58249792,ZAZ,,1570191955,0,1,customer,1570191955,,1570191955,PICKING_UP
50674886,BIO,1622454524,1622455964,2,1,courier,1622454524,1440,1622455964,DELIVERED
59308103,PMI,,1563342871,0,2,customer,1563342871,,1563344731,DELIVERED
51168524,XRY,1609066634,1609067894,8,2,courier,1609066634,1260,1609080434,DELIVERED
53765705,VLL,1593801061,1593797041,1,3,customer,1593797041,4020,1593804481,DELIVERED
59157910,GRX,1591678203,1591674903,5,5,customer,1591674903,3300,1591692663,DELIVERED
58670761,VGO,1599090796,1599091816,3,4,courier,1599090796,1020,1599098356,DELIVERED
56680069,ZAZ,1564901362,1564898422,1,1,customer,1564898422,2940,1564901362,DELIVERED
53114574,GRX,1602757813,1602761353,2,1,courier,1602757813,3540,1602761353,DELIVERED
56995284,AGP,1608188472,,1,0,courier,1608188472,,1608188472,DELIVERING
53841720,PNA,1615501472,,2,0,courier,1615501472,,1615504592,DELIVERED
58148379,LPA,1589881482,1589878482,12,6,customer,1589878482,3000,1589909982,DELIVERED
58665821,TFN,1622465064,1622459904,3,6,customer,1622459904,5160,1622477604,DELIVERED
57707533,YJD,1558883803,,1,0,courier,1558883803,,1558883803,DELIVERING
50648434,QGJ,1632857054,1632854294,2,4,customer,1632854294,2760,1632864074,DELIVERED
57273739,SLM,1635400221,1635394041,1,2,customer,1635394041,6180,1635400221,DELIVERED
53838369,LEI,1570857801,1570860261,5,1,courier,1570857801,2460,1570868421,DELIVERING
59067729,XRY,1565419848,1565413128,1,4,customer,1565413128,6720,1565423208,DELIVERED
50858085,REU,1630538593,1630541473,1,3,courier,1630538593,2880,1630546753,DELIVERED
53117288,REU,,1576381072,0,1,customer,1576381072,,1576381072,DELIVERING
50916715,BCN,1576257521,1576255361,5,6,customer,1576255361,2160,1576272341,DELIVERED
52155890,MAH,1603820857,1603820617,1,1,customer,1603820617,240,1603820857,DELIVERED
53576219,VGO,1613498056,1613498176,4,8,courier,1613498056,120,1613514136,DELIVERED
57850829,MAH,1579826547,,2,0,courier,1579826547,,1579829067,DELIVERED
54404627,TFS,1607040332,1607032832,1,5,customer,1607032832,7500,1607042432,DELIVERING
56590484,MAD,1588658539,1588655599,1,1,customer,1588655599,2940,1588658539,DELIVERED
58372962,MAH,1556460040,,2,0,courier,1556460040,,1556461720,PICKING_UP
56084074,GRX,1556571053,1556573873,3,2,courier,1556571053,2820,1556579873,PICKING_UP
54582542,LEI,1554071482,1554067342,1,2,customer,1554067342,4140,1554071482,DELIVERED
51903348,IBZ,1624598369,1624590929,5,4,customer,1624590929,7440,1624605149,DELIVERED
58348820,PNA,1600642439,1600649039,6,2,courier,1600642439,6600,1600655699,DELIVERED
55810385,MJV,1604673133,1604670373,1,3,customer,1604670373,2760,1604676793,DELIVERED
57261265,SDR,1570948664,1570945604,8,9,customer,1570945604,3060,1570970204,DELIVERED
52056206,IBZ,1609385764,1609382344,2,8,customer,1609382344,3420,1609400284,DELIVERED
53309838,OVD,1586142349,1586141569,5,4,customer,1586141569,780,1586152369,DELIVERED
57141773,AGP,1611401095,1611401635,8,10,courier,1611401095,540,1611433015,DELIVERED
59610679,BIO,,1625168980,0,1,customer,1625168980,,1625168980,DELIVERED
55420796,BCN,1558170673,1558169293,4,3,customer,1558169293,1380,1558182253,DELIVERED
51489108,LEI,1561910533,1561912153,3,1,courier,1561910533,1620,1561912993,DELIVERING
50045286,SCQ,1580330637,,1,0,courier,1580330637,,1580330637,PICKING_UP
51611240,TFS,,1586646569,0,2,customer,1586646569,,1586648909,PICKING_UP
56450199,SCQ,1598943573,1598943093,1,1,customer,1598943093,480,1598943573,DELIVERING
55146770,PMI,1633983039,1633981719,1,1,customer,1633981719,1320,1633983039,DELIVERED
51040909,YJD,1579487743,1579497823,8,2,courier,1579487743,10080,1579507003,DELIVERED
50979521,OVD,1623597203,,1,0,courier,1623597203,,1623597203,DELIVERING
54528142,YJD,1568592543,1568590143,1,2,customer,1568590143,2400,1568595063,DELIVERING
54521730,REU,1603553106,1603552386,4,4,customer,1603552386,720,1603566426,DELIVERED
53390955,XRY,1633319951,,3,0,courier,1633319951,,1633323251,DELIVERED
55001503,VIT,1585236650,1585243250,4,2,courier,1585236650,6600,1585247810,DELIVERED
56980623,OVD,1571647416,1571645496,6,3,customer,1571645496,1920,1571660376,DELIVERED
53104415,XRY,1625031573,,1,0,courier,1625031573,,1625031573,DELIVERED
52444588,VLL,1627114753,,3,0,courier,1627114753,,1627115653,DELIVERED
53238906,MAH,1618605064,1618599664,1,2,customer,1618599664,5400,1618605064,DELIVERING
54950481,BCN,1614339948,1614340188,2,2,courier,1614339948,240,1614343548,DELIVERED
53534041,XRY,,1573933903,0,2,customer,1573933903,,1573934683,DELIVERED
58488025,PMI,1607129809,1607128009,5,3,customer,1607128009,1800,1607134069,DELIVERED
58860439,YJD,1553197245,1553199225,3,4,courier,1553197245,1980,1553211885,DELIVERED
58998784,VGO,1579660020,,1,0,courier,1579660020,,1579660020,DELIVERING
59400519,PNA,1627327161,1627321941,5,8,customer,1627321941,5220,1627344261,DELIVERED
59840896,VGO,,1604739062,0,3,customer,1604739062,,1604741342,DELIVERED
52646328,BCN,1590288199,1590291019,1,1,courier,1590288199,2820,1590291019,DELIVERED
56323203,MAD,1598723195,1598723735,1,1,courier,1598723195,540,1598723735,DELIVERING
56187746,REU,1597161184,1597162924,2,1,courier,1597161184,1740,1597162924,DELIVERING
58609520,ZAZ,1574748290,1574751830,1,1,courier,1574748290,3540,1574751830,DELIVERING
56574118,OVD,1575977205,1575975045,2,1,customer,1575975045,2160,1575979065,DELIVERING
57188498,YJD,,1621183049,0,1,customer,1621183049,,1621183049,PICKING_UP
57449435,QGJ,1581404582,1581408062,3,2,courier,1581404582,3480,1581409562,DELIVERED
51633190,REU,1637928645,1637929905,2,1,courier,1637928645,1260,1637931825,PICKING_UP
57882073,LEI,1621480892,1621482092,2,2,courier,1621480892,1200,1621483532,DELIVERED
56832840,TFS,1547300330,,2,0,courier,1547300330,,1547300810,DELIVERED
50497779,SLM,1560385297,1560383197,1,2,customer,1560383197,2100,1560386197,PICKING_UP
56481129,TFN,1607262850,,2,0,courier,1607262850,,1607264230,DELIVERED
57194817,BCN,1547696007,1547692647,2,2,customer,1547692647,3360,1547698107,DELIVERED
50054905,MAH,1558193843,1558196963,5,3,courier,1558193843,3120,1558210883,DELIVERED
58681036,YJD,1572068226,1572066966,1,3,customer,1572066966,1260,1572068766,DELIVERED
55696985,SDR,1619325307,1619327107,1,2,courier,1619325307,1800,1619328067,DELIVERED
59419581,MJV,1615051372,1615052272,3,4,courier,1615051372,900,1615062172,DELIVERED
55602322,BCN,1574747879,1574753519,3,2,courier,1574747879,5640,1574756339,DELIVERED
53411530,TFN,1560102742,1560105982,5,3,courier,1560102742,3240,1560115942,DELIVERED
57531602,SDR,1546795675,1546805395,7,1,courier,1546795675,9720,1546807915,DELIVERED
50682175,ODB,1601562456,1601564916,1,3,courier,1601562456,2460,1601571516,DELIVERED
58404618,BIO,1607183509,1607179729,1,4,customer,1607179729,3780,1607188789,PICKING_UP
55101278,MAD,1554905851,1554909211,2,1,courier,1554905851,3360,1554910291,DELIVERED
54273289,VLC,1638081508,1638084628,1,1,courier,1638081508,3120,1638084628,DELIVERED
53340766,SDR,1593615480,1593615360,8,4,customer,1593615360,120,1593630420,DELIVERED
59491067,MAD,,1596593277,0,1,customer,1596593277,,1596593277,PICKING_UP
58729610,SCQ,1604761419,1604762679,3,5,courier,1604761419,1260,1604770959,DELIVERED
51629947,BIO,1582025981,1582028501,3,1,courier,1582025981,2520,1582031081,DELIVERED
59319930,MJV,,1633441351,0,1,customer,1633441351,,1633441351,PICKING_UP
51936026,AGP,1560728014,1560733834,3,2,courier,1560728014,5820,1560738754,DELIVERED
50957393,SCQ,1562291553,1562293713,2,1,courier,1562291553,2160,1562294193,DELIVERING
54021781,TFS,1635790795,1635792055,6,3,courier,1635790795,1260,1635801715,DELIVERED
54687711,SDR,,1589504763,0,1,customer,1589504763,,1589504763,PICKING_UP
54580038,QGJ,,1633375456,0,1,customer,1633375456,,1633375456,PICKING_UP
57124682,ZAZ,1579187244,1579180944,1,3,customer,1579180944,6300,1579189524,DELIVERED
55423144,QGJ,1615703016,1615697616,4,5,customer,1615697616,5400,1615717236,DELIVERED
55027999,VLL,1619375062,1619365282,6,12,customer,1619365282,9780,1619395822,DELIVERED
52667866,LEI,1594537295,1594536395,7,11,customer,1594536395,900,1594567715,DELIVERED
51394588,SDR,1628705418,1628703378,3,6,customer,1628703378,2040,1628717778,DELIVERED
55450992,BIO,1607996395,1607992375,3,3,customer,1607992375,4020,1608005095,DELIVERED
59968537,ALC,1552378566,1552375926,1,1,customer,1552375926,2640,1552378566,PICKING_UP
54460981,TFN,1600472835,1600478535,4,1,courier,1600472835,5700,1600479135,DELIVERED
53353453,PMI,,1615441752,0,2,customer,1615441752,,1615442892,DELIVERING
51329919,VGO,1618331929,1618336249,5,2,courier,1618331929,4320,1618341469,DELIVERED
55762579,XRY,,1567421848,0,2,customer,1567421848,,1567422448,DELIVERED
55972470,GRO,1609620500,1609617860,1,2,customer,1609617860,2640,1609620740,DELIVERED
53541681,PMI,1634624029,1634628709,2,1,courier,1634624029,4680,1634628709,DELIVERED
59101921,GRO,1606223389,1606224229,1,1,courier,1606223389,840,1606224229,PICKING_UP
52459666,REU,1561186586,1561188866,2,3,courier,1561186586,2280,1561192166,DELIVERED
50106096,SDR,1584058169,,1,0,courier,1584058169,,1584058169,DELIVERED
50462274,SLM,,1581171429,0,1,customer,1581171429,,1581171429,DELIVERING
59615762,SLM,1576052327,1576051367,7,3,customer,1576051367,960,1576068287,DELIVERED
58230631,GRX,1582530055,1582524415,6,2,customer,1582524415,5640,1582542235,DELIVERED
55075427,LPA,1624207801,1624207921,3,2,courier,1624207801,120,1624216261,DELIVERED
52305927,ALC,1607932374,1607930694,7,2,customer,1607930694,1680,1607948694,DELIVERED
51747533,MJV,1570532663,1570526063,2,3,customer,1570526063,6600,1570535723,DELIVERED
56117593,IBZ,1638545244,1638548724,2,1,courier,1638545244,3480,1638548724,DELIVERING
54235846,REU,1636060685,1636062125,1,2,courier,1636060685,1440,1636062725,DELIVERED
55667825,VLC,,1567579088,0,2,customer,1567579088,,1567582208,PICKING_UP
56117182,AGP,1632399910,1632395890,3,5,customer,1632395890,4020,1632412990,DELIVERED
51788693,MAH,1549475378,1549473338,2,4,customer,1549473338,2040,1549477898,DELIVERED
59370580,ZAZ,1559363463,1559369163,4,5,courier,1559363463,5700,1559382783,DELIVERED
51192389,LCG,1606015356,1606014276,2,1,customer,1606014276,1080,1606017576,DELIVERED
54697803,MAH,,1577730272,0,1,customer,1577730272,,1577730272,PICKING_UP
50491875,PNA,1640279728,1640274688,4,7,customer,1640274688,5040,1640291368,DELIVERED
54947446,PMI,1585724023,,1,0,courier,1585724023,,1585724023,PICKING_UP
51725035,VLC,1630448744,1630449584,1,3,courier,1630448744,840,1630454984,DELIVERED
58251277,MAD,,1546890324,0,3,customer,1546890324,,1546894764,DELIVERING
50395351,TFS,1636267842,1636270362,1,3,courier,1636267842,2520,1636275162,DELIVERING
55833857,LPA,1601131014,1601130294,4,2,customer,1601130294,720,1601139354,DELIVERED
51552398,BCN,1634828982,1634829882,2,1,courier,1634828982,900,1634830842,DELIVERED
54969980,BCN,1561892874,1561904154,9,2,courier,1561892874,11280,1561908594,DELIVERED
52551283,PNA,1588809518,1588812338,4,3,courier,1588809518,2820,1588818458,DELIVERED
56993546,VGO,,1625496975,0,1,customer,1625496975,,1625496975,PICKING_UP
56226656,QGJ,,1598310137,0,1,customer,1598310137,,1598310137,DELIVERED
56130903,MAH,1588902092,1588905872,12,6,courier,1588902092,3780,1588933232,DELIVERED
52123044,SLM,1610548493,1610546693,2,1,customer,1610546693,1800,1610551013,DELIVERED
53528801,ODB,1591926970,,3,0,courier,1591926970,,1591930810,DELIVERED
50085302,TFN,1561609446,1561612986,2,1,courier,1561609446,3540,1561614966,DELIVERED
55694203,IBZ,1629896799,1629896559,9,13,customer,1629896559,240,1629942099,DELIVERED
58203935,PMI,1568188839,1568184939,3,3,customer,1568184939,3900,1568190759,DELIVERED
59518111,SLM,1614026581,1614026281,3,2,customer,1614026281,300,1614030841,DELIVERING
54491299,MJV,1601201294,1601207234,6,1,courier,1601201294,5940,1601210534,DELIVERED
50870731,OVD,1629057402,1629051222,7,8,customer,1629051222,6180,1629074622,DELIVERED
54921333,ZAZ,1613137992,1613135052,1,1,customer,1613135052,2940,1613137992,DELIVERING
51357620,QGJ,1626705672,1626708072,2,1,courier,1626705672,2400,1626708072,DELIVERING
57960557,SLM,,1599071578,0,1,customer,1599071578,,1599071578,PICKING_UP
58005117,PNA,1605628679,,1,0,courier,1605628679,,1605628679,DELIVERING
58972025,LPA,1552662735,1552666335,3,3,courier,1552662735,3600,1552670835,DELIVERING
56158486,SDR,1609473204,1609476504,3,5,courier,1609473204,3300,1609487604,DELIVERED
53611213,XRY,1629085133,1629086513,4,2,courier,1629085133,1380,1629091073,DELIVERED
57337874,TFN,1593021955,1593014935,6,6,customer,1593014935,7020,1593035215,DELIVERED
56845926,SCQ,1571134388,,1,0,courier,1571134388,,1571134388,DELIVERED
51604310,ODB,1577368559,1577371619,1,1,courier,1577368559,3060,1577371619,DELIVERED
58107085,ODB,1615660573,1615664173,4,1,courier,1615660573,3600,1615667173,DELIVERED
59267308,ALC,1600996724,1600995884,6,4,customer,1600995884,840,1601007224,DELIVERED
53364554,IBZ,,1597596170,0,1,customer,1597596170,,1597596170,DELIVERED
53203257,ZAZ,1615888234,1615890394,1,1,courier,1615888234,2160,1615890394,DELIVERED
53114120,GRO,1629554976,1629555756,6,5,courier,1629554976,780,1629573816,DELIVERED
57196885,PNA,1608756528,1608753948,2,2,customer,1608753948,2580,1608758028,DELIVERED
59431510,TFS,1628327919,1628332299,3,4,courier,1628327919,4380,1628339199,DELIVERED
56585993,QGJ,1548106093,,2,0,courier,1548106093,,1548107113,DELIVERED
55994413,SDR,1562890980,1562886120,3,3,customer,1562886120,4860,1562898360,DELIVERED
51167412,VLL,1590735663,1590731883,3,6,customer,1590731883,3780,1590746463,DELIVERED
54470229,ZAZ,,1615354682,0,1,customer,1615354682,,1615354682,DELIVERING
50421555,IBZ,1592989376,1592989616,1,1,courier,1592989376,240,1592989616,DELIVERING
54626784,IBZ,1569391013,1569392633,1,2,courier,1569391013,1620,1569393593,DELIVERED
57962356,VLL,,1586934756,0,1,customer,1586934756,,1586934756,DELIVERED
56177017,QGJ,1604191491,1604189331,5,7,customer,1604189331,2160,1604210451,DELIVERED
54177176,REU,1617497004,1617497424,2,2,courier,1617497004,420,1617500484,DELIVERED
52865348,GRX,1605432182,1605439742,3,1,courier,1605432182,7560,1605439742,PICKING_UP
52469166,LEI,,1634910679,0,2,customer,1634910679,,1634913259,DELIVERED
58903741,QGJ,1637235654,1637234574,5,4,customer,1637234574,1080,1637248254,DELIVERED
53464295,IBZ,1608200466,1608207246,2,3,courier,1608200466,6780,1608211806,DELIVERED
50976964,GRO,1589832167,1589835227,2,1,courier,1589832167,3060,1589835227,PICKING_UP
56375728,PNA,1587926694,1587928734,1,1,courier,1587926694,2040,1587928734,DELIVERING
53348953,XRY,1635859341,1635858861,4,5,customer,1635858861,480,1635867981,DELIVERED
54838536,SLM,1584248657,,1,0,courier,1584248657,,1584248657,DELIVERING
54038177,MAD,1592459084,1592471504,5,1,courier,1592459084,12420,1592471504,PICKING_UP
55638966,SDR,1599034805,1599035285,2,1,courier,1599034805,480,1599036725,PICKING_UP
52638035,VLC,1601512803,1601515923,2,1,courier,1601512803,3120,1601515923,DELIVERING
52648828,PMI,,1592630934,0,1,customer,1592630934,,1592630934,DELIVERED
52851431,REU,1578584210,1578584870,2,6,courier,1578584210,660,1578598010,DELIVERED
58855891,AGP,1630203325,1630206325,4,1,courier,1630203325,3000,1630206325,DELIVERED
57623922,IBZ,1600490149,,1,0,courier,1600490149,,1600490149,DELIVERED
50315228,BCN,,1621617700,0,4,customer,1621617700,,1621620820,DELIVERING
54223297,LEI,1561441984,1561433104,2,6,customer,1561433104,8880,1561443424,DELIVERED
59568136,MAH,1558645764,1558648644,2,2,courier,1558645764,2880,1558650684,DELIVERED
57594765,REU,1555441403,,1,0,courier,1555441403,,1555441403,PICKING_UP
52410676,VLC,,1626147902,0,1,customer,1626147902,,1626147902,DELIVERED
58317347,PMI,1634495927,1634492927,1,1,customer,1634492927,3000,1634495927,PICKING_UP
58611433,REU,1603909127,1603911527,4,2,courier,1603909127,2400,1603920527,DELIVERED
58376440,ODB,1639573969,1639571809,2,2,customer,1639571809,2160,1639575229,DELIVERING
57334609,BCN,,1553108086,0,1,customer,1553108086,,1553108086,DELIVERING
52081446,VLL,1627258997,1627262177,6,7,courier,1627258997,3180,1627277417,DELIVERED
50583125,AGP,1633761903,1633763163,6,4,courier,1633761903,1260,1633779003,DELIVERED
51970931,GRO,1550945515,1550941915,3,2,customer,1550941915,3600,1550949235,DELIVERED
54173122,IBZ,1578726889,1578731689,2,1,courier,1578726889,4800,1578731689,DELIVERED
58934776,YJD,1554010479,1554012279,8,6,courier,1554010479,1800,1554032439,DELIVERED
50137406,LEI,1567535781,1567533321,2,1,customer,1567533321,2460,1567538901,DELIVERED
59334555,LPA,1640788311,1640788071,1,1,customer,1640788071,240,1640788311,DELIVERED
53881597,VIT,1591566155,,2,0,courier,1591566155,,1591566875,DELIVERED
50948045,MJV,1608097120,,3,0,courier,1608097120,,1608100780,DELIVERED
58608670,MJV,,1550848798,0,2,customer,1550848798,,1550850298,DELIVERING
53842702,PNA,1635906103,1635904963,3,2,customer,1635904963,1140,1635916063,DELIVERED
59693914,GRX,1605857578,1605854998,4,2,customer,1605854998,2580,1605863338,DELIVERED
59480388,BCN,1559982931,,1,0,courier,1559982931,,1559982931,DELIVERING
54219576,LEI,,1608179986,0,1,customer,1608179986,,1608179986,PICKING_UP
56770100,ODB,1571882170,1571882950,2,5,courier,1571882170,780,1571888470,DELIVERED
53333858,PNA,1625288676,,1,0,courier,1625288676,,1625288676,DELIVERED
54656129,LEI,1567009509,1567012749,1,1,courier,1567009509,3240,1567012749,DELIVERING
54391561,IBZ,1604872019,,1,0,courier,1604872019,,1604872019,DELIVERED
58840529,MAH,,1628879431,0,1,customer,1628879431,,1628879431,PICKING_UP
50132382,XRY,,1546406834,0,1,customer,1546406834,,1546406834,DELIVERED
55872258,MAH,,1576289004,0,1,customer,1576289004,,1576289004,DELIVERING
52914265,MAH,1587681820,1587684760,1,2,courier,1587681820,2940,1587684820,DELIVERING
53924102,SCQ,1615965905,1615960445,2,5,customer,1615960445,5460,1615970045,DELIVERED
57480530,SLM,1636526489,,1,0,courier,1636526489,,1636526489,DELIVERING
55583190,ALC,1603445160,1603446960,5,8,courier,1603445160,1800,1603475280,DELIVERED
59242746,PNA,1584882122,,1,0,courier,1584882122,,1584882122,PICKING_UP
53927874,VLL,,1580404108,0,2,customer,1580404108,,1580404408,PICKING_UP
53667827,BIO,1559615011,1559614951,4,1,customer,1559614951,60,1559617951,DELIVERED
52262869,VGO,1633017370,1633010650,4,5,customer,1633010650,6720,1633023190,DELIVERED
50271089,YJD,1617984560,,2,0,courier,1617984560,,1617987440,DELIVERING
56218287,MJV,1607123566,1607134006,4,4,courier,1607123566,10440,1607141266,DELIVERED
53366692,SDR,1559566869,1559568969,1,4,courier,1559566869,2100,1559572929,DELIVERED
53994738,ZAZ,1571216522,1571219642,3,2,courier,1571216522,3120,1571227262,DELIVERED
58237836,AGP,,1588382959,0,1,customer,1588382959,,1588382959,DELIVERED
50604414,GRO,1622053378,1622058298,5,3,courier,1622053378,4920,1622064538,DELIVERED
56415444,LPA,1638327923,1638330263,1,2,courier,1638327923,2340,1638332243,DELIVERED
52370085,XRY,,1635887745,0,1,customer,1635887745,,1635887745,PICKING_UP
56060730,VIT,1612741670,1612739150,4,6,customer,1612739150,2520,1612761530,DELIVERED
56807406,VIT,1626594665,1626595925,4,2,courier,1626594665,1260,1626606665,DELIVERED
59600219,VLC,1603885639,1603887679,4,1,courier,1603885639,2040,1603892479,DELIVERED
58678797,MAH,1560679729,,1,0,courier,1560679729,,1560679729,DELIVERING
59388186,VLC,,1605079689,0,2,customer,1605079689,,1605081429,DELIVERING
59928712,MAD,1636502409,1636502109,4,1,customer,1636502109,300,1636508649,DELIVERED
52118166,ODB,,1634021802,0,3,customer,1634021802,,1634023482,DELIVERED
54308577,VLL,1583594755,1583596855,5,1,courier,1583594755,2100,1583608975,DELIVERED
54969793,LCG,1637542818,,1,0,courier,1637542818,,1637542818,DELIVERED
55730684,LCG,1593221618,1593225458,9,7,courier,1593221618,3840,1593244598,DELIVERED
59034177,LPA,1583311226,1583313026,1,1,courier,1583311226,1800,1583313026,DELIVERING
51011068,ZAZ,1597992333,,1,0,courier,1597992333,,1597992333,PICKING_UP
58319873,SDR,1631605346,1631602706,4,3,customer,1631602706,2640,1631614166,DELIVERED
53400139,LEI,1609045261,1609046281,2,7,courier,1609045261,1020,1609058221,DELIVERED
54115595,VGO,1605323444,,1,0,courier,1605323444,,1605323444,DELIVERED
56613559,IBZ,1579963057,1579962457,5,3,customer,1579962457,600,1579971337,DELIVERED
54038069,QGJ,1581233579,1581237059,3,2,courier,1581233579,3480,1581244019,DELIVERED
58007351,VLL,1559771189,1559775869,4,1,courier,1559771189,4680,1559777009,DELIVERING
54879880,VGO,1552471076,1552473536,4,4,courier,1552471076,2460,1552487756,DELIVERED
58528500,IBZ,1638124765,,2,0,courier,1638124765,,1638125425,DELIVERING
53918485,ALC,1635023230,1635019510,1,2,customer,1635019510,3720,1635023230,DELIVERED
54273060,VLC,1560899114,,3,0,courier,1560899114,,1560903494,DELIVERED
